time,x,y
0.000000000000000000e+00,0.000000000000000000e+00,0.000000000000000000e+00
5.000000000000000000e-01,1.767766952966368876e+01,1.767766952966368876e+01
1.000000000000000000e+00,3.535533905932737753e+01,3.290283905932737696e+01
1.500000000000000000e+00,5.303300858899106629e+01,4.567550858899106458e+01
2.000000000000000000e+00,7.071067811865475505e+01,5.599567811865475164e+01
2.500000000000000000e+00,8.838834764831844382e+01,6.386334764831843813e+01
3.000000000000000000e+00,1.060660171779821326e+02,6.927851717798212405e+01
3.500000000000000000e+00,1.237436867076458213e+02,7.224118670764580941e+01
4.000000000000000000e+00,1.414213562373095101e+02,7.275135623730949419e+01
4.500000000000000000e+00,1.590990257669731989e+02,7.080902576697317841e+01
5.000000000000000000e+00,1.767766952966368876e+02,6.641419529663686205e+01
5.500000000000000000e+00,1.944543648263005764e+02,5.956686482630054513e+01
6.000000000000000000e+00,2.121320343559642652e+02,5.026703435596422764e+01
6.500000000000000000e+00,2.298097038856279539e+02,3.851470388562790959e+01
7.000000000000000000e+00,2.474873734152916427e+02,2.430987341529159096e+01
7.500000000000000000e+00,2.651650429449553030e+02,7.652542944955275317e+00
8.000000000000000000e+00,2.828427124746190202e+02,-1.145728752538104089e+01
